"","regiao","estado","municipio","coduf","codmun","codRegiaoSaude","nomeRegiaoSaude","data","semanaEpi","populacaoTCU2019","casosAcumulado","casosNovos","obitosAcumulado","obitosNovos","Recuperadosnovos","emAcompanhamentoNovos","interior/metropolitana"
"1","Brasil",NA,NA,76,NA,NA,NA,2020-02-25,9,210147125,0,0,0,0,NA,NA,NA
"2","Brasil",NA,NA,76,NA,NA,NA,2020-02-26,9,210147125,1,1,0,0,NA,NA,NA
"3","Brasil",NA,NA,76,NA,NA,NA,2020-02-27,9,210147125,1,0,0,0,NA,NA,NA
"4","Brasil",NA,NA,76,NA,NA,NA,2020-02-28,9,210147125,1,0,0,0,NA,NA,NA
"5","Brasil",NA,NA,76,NA,NA,NA,2020-02-29,9,210147125,2,1,0,0,NA,NA,NA
"6","Brasil",NA,NA,76,NA,NA,NA,2020-03-01,10,210147125,2,0,0,0,NA,NA,NA
"7","Brasil",NA,NA,76,NA,NA,NA,2020-03-02,10,210147125,2,0,0,0,NA,NA,NA
"8","Brasil",NA,NA,76,NA,NA,NA,2020-03-03,10,210147125,2,0,0,0,NA,NA,NA
"9","Brasil",NA,NA,76,NA,NA,NA,2020-03-04,10,210147125,3,1,0,0,NA,NA,NA
"10","Brasil",NA,NA,76,NA,NA,NA,2020-03-05,10,210147125,7,4,0,0,NA,NA,NA
"11","Brasil",NA,NA,76,NA,NA,NA,2020-03-06,10,210147125,13,6,0,0,NA,NA,NA
"12","Brasil",NA,NA,76,NA,NA,NA,2020-03-07,10,210147125,19,6,0,0,NA,NA,NA
"13","Brasil",NA,NA,76,NA,NA,NA,2020-03-08,11,210147125,25,6,0,0,NA,NA,NA
"14","Brasil",NA,NA,76,NA,NA,NA,2020-03-09,11,210147125,25,0,0,0,NA,NA,NA
"15","Brasil",NA,NA,76,NA,NA,NA,2020-03-10,11,210147125,34,9,0,0,NA,NA,NA
"16","Brasil",NA,NA,76,NA,NA,NA,2020-03-11,11,210147125,52,18,0,0,NA,NA,NA
"17","Brasil",NA,NA,76,NA,NA,NA,2020-03-12,11,210147125,77,25,0,0,NA,NA,NA
"18","Brasil",NA,NA,76,NA,NA,NA,2020-03-13,11,210147125,98,21,0,0,NA,NA,NA
"19","Brasil",NA,NA,76,NA,NA,NA,2020-03-14,11,210147125,121,23,0,0,NA,NA,NA
"20","Brasil",NA,NA,76,NA,NA,NA,2020-03-15,12,210147125,200,79,0,0,NA,NA,NA
"21","Brasil",NA,NA,76,NA,NA,NA,2020-03-16,12,210147125,234,34,0,0,NA,NA,NA
"22","Brasil",NA,NA,76,NA,NA,NA,2020-03-17,12,210147125,291,57,1,1,NA,NA,NA
"23","Brasil",NA,NA,76,NA,NA,NA,2020-03-18,12,210147125,428,137,4,3,NA,NA,NA
"24","Brasil",NA,NA,76,NA,NA,NA,2020-03-19,12,210147125,621,193,6,2,NA,NA,NA
"25","Brasil",NA,NA,76,NA,NA,NA,2020-03-20,12,210147125,904,283,11,5,NA,NA,NA
"26","Brasil",NA,NA,76,NA,NA,NA,2020-03-21,12,210147125,1128,224,18,7,NA,NA,NA
"27","Brasil",NA,NA,76,NA,NA,NA,2020-03-22,13,210147125,1546,418,25,7,NA,NA,NA
"28","Brasil",NA,NA,76,NA,NA,NA,2020-03-23,13,210147125,1891,345,34,9,NA,NA,NA
"29","Brasil",NA,NA,76,NA,NA,NA,2020-03-24,13,210147125,2201,310,46,12,NA,NA,NA
"30","Brasil",NA,NA,76,NA,NA,NA,2020-03-25,13,210147125,2433,232,57,11,NA,NA,NA
"31","Brasil",NA,NA,76,NA,NA,NA,2020-03-26,13,210147125,2915,482,77,20,NA,NA,NA
"32","Brasil",NA,NA,76,NA,NA,NA,2020-03-27,13,210147125,3417,502,92,15,NA,NA,NA
"33","Brasil",NA,NA,76,NA,NA,NA,2020-03-28,13,210147125,3903,486,114,22,NA,NA,NA
"34","Brasil",NA,NA,76,NA,NA,NA,2020-03-29,14,210147125,4256,353,136,22,NA,NA,NA
"35","Brasil",NA,NA,76,NA,NA,NA,2020-03-30,14,210147125,4579,323,159,23,NA,NA,NA
"36","Brasil",NA,NA,76,NA,NA,NA,2020-03-31,14,210147125,5717,1138,201,42,NA,NA,NA
"37","Brasil",NA,NA,76,NA,NA,NA,2020-04-01,14,210147125,6834,1117,241,40,NA,NA,NA
"38","Brasil",NA,NA,76,NA,NA,NA,2020-04-02,14,210147125,7910,1076,299,58,NA,NA,NA
"39","Brasil",NA,NA,76,NA,NA,NA,2020-04-03,14,210147125,9056,1146,359,60,NA,NA,NA
"40","Brasil",NA,NA,76,NA,NA,NA,2020-04-04,14,210147125,10278,1222,432,73,NA,NA,NA
"41","Brasil",NA,NA,76,NA,NA,NA,2020-04-05,15,210147125,11130,852,486,54,NA,NA,NA
"42","Brasil",NA,NA,76,NA,NA,NA,2020-04-06,15,210147125,12056,926,553,67,NA,NA,NA
"43","Brasil",NA,NA,76,NA,NA,NA,2020-04-07,15,210147125,13717,1661,667,114,NA,NA,NA
"44","Brasil",NA,NA,76,NA,NA,NA,2020-04-08,15,210147125,15927,2210,800,133,NA,NA,NA
"45","Brasil",NA,NA,76,NA,NA,NA,2020-04-09,15,210147125,17857,1930,941,141,NA,NA,NA
"46","Brasil",NA,NA,76,NA,NA,NA,2020-04-10,15,210147125,19638,1781,1056,115,NA,NA,NA
"47","Brasil",NA,NA,76,NA,NA,NA,2020-04-11,15,210147125,20727,1089,1124,68,NA,NA,NA
"48","Brasil",NA,NA,76,NA,NA,NA,2020-04-12,16,210147125,22169,1442,1223,99,NA,NA,NA
"49","Brasil",NA,NA,76,NA,NA,NA,2020-04-13,16,210147125,23430,1261,1328,105,NA,NA,NA
"50","Brasil",NA,NA,76,NA,NA,NA,2020-04-14,16,210147125,25262,1832,1532,204,NA,NA,NA
"51","Brasil",NA,NA,76,NA,NA,NA,2020-04-15,16,210147125,28320,3058,1736,204,NA,NA,NA
"52","Brasil",NA,NA,76,NA,NA,NA,2020-04-16,16,210147125,30425,2105,1924,188,NA,NA,NA
"53","Brasil",NA,NA,76,NA,NA,NA,2020-04-17,16,210147125,33682,3257,2141,217,NA,NA,NA
"54","Brasil",NA,NA,76,NA,NA,NA,2020-04-18,16,210147125,36599,2917,2347,206,NA,NA,NA
"55","Brasil",NA,NA,76,NA,NA,NA,2020-04-19,17,210147125,38654,2055,2462,115,22130,14062,NA
"56","Brasil",NA,NA,76,NA,NA,NA,2020-04-20,17,210147125,40581,1927,2575,113,22991,15015,NA
"57","Brasil",NA,NA,76,NA,NA,NA,2020-04-21,17,210147125,43079,2498,2741,166,24325,16013,NA
"58","Brasil",NA,NA,76,NA,NA,NA,2020-04-22,17,210147125,45757,2678,2906,165,25318,17533,NA
"59","Brasil",NA,NA,76,NA,NA,NA,2020-04-23,17,210147125,49492,3735,3313,407,26573,19606,NA
"60","Brasil",NA,NA,76,NA,NA,NA,2020-04-24,17,210147125,52995,3503,3670,357,27655,21670,NA
"61","Brasil",NA,NA,76,NA,NA,NA,2020-04-25,17,210147125,58509,5514,4016,346,29160,25333,NA
"62","Brasil",NA,NA,76,NA,NA,NA,2020-04-26,18,210147125,61888,3379,4205,189,30152,27531,NA
"63","Brasil",NA,NA,76,NA,NA,NA,2020-04-27,18,210147125,66501,4613,4543,338,31142,30816,NA
"64","Brasil",NA,NA,76,NA,NA,NA,2020-04-28,18,210147125,71886,5385,5017,474,32544,34325,NA
"65","Brasil",NA,NA,76,NA,NA,NA,2020-04-29,18,210147125,78162,6276,5466,449,34132,38564,NA
"66","Brasil",NA,NA,76,NA,NA,NA,2020-04-30,18,210147125,85380,7218,5901,435,35935,43544,NA
"67","Brasil",NA,NA,76,NA,NA,NA,2020-05-01,18,210147125,91299,5919,6329,428,38039,47221,NA
"68","Brasil",NA,NA,76,NA,NA,NA,2020-05-02,18,210147125,96396,5097,6724,395,40937,48872,NA
"69","Brasil",NA,NA,76,NA,NA,NA,2020-05-03,19,210147125,101147,4751,7025,301,42991,51131,NA
"70","Brasil",NA,NA,76,NA,NA,NA,2020-05-04,19,210147125,107780,6633,7321,296,45186,55273,NA
"71","Brasil",NA,NA,76,NA,NA,NA,2020-05-05,19,210147125,114715,6935,7921,600,48221,58573,NA
"72","Brasil",NA,NA,76,NA,NA,NA,2020-05-06,19,210147125,125218,10503,8535,614,51370,65312,NA
"73","Brasil",NA,NA,76,NA,NA,NA,2020-05-07,19,210147125,135106,9888,9146,611,55350,70610,NA
"74","Brasil",NA,NA,76,NA,NA,NA,2020-05-08,19,210147125,145328,10222,9895,749,59297,76134,NA
"75","Brasil",NA,NA,76,NA,NA,NA,2020-05-09,19,210147125,155939,10611,10627,732,61685,83627,NA
"76","Brasil",NA,NA,76,NA,NA,NA,2020-05-10,20,210147125,162699,6760,11123,496,64957,86619,NA
"77","Brasil",NA,NA,76,NA,NA,NA,2020-05-11,20,210147125,168331,5632,11519,396,67384,89429,NA
"78","Brasil",NA,NA,76,NA,NA,NA,2020-05-12,20,210147125,177589,9258,12400,881,72597,92593,NA
"79","Brasil",NA,NA,76,NA,NA,NA,2020-05-13,20,210147125,188974,11385,13149,749,78424,97402,NA
"80","Brasil",NA,NA,76,NA,NA,NA,2020-05-14,20,210147125,202918,13944,13993,844,79479,109446,NA
"81","Brasil",NA,NA,76,NA,NA,NA,2020-05-15,20,210147125,218223,15305,14817,824,84970,118436,NA
"82","Brasil",NA,NA,76,NA,NA,NA,2020-05-16,20,210147125,233142,14919,15633,816,89672,127837,NA
"83","Brasil",NA,NA,76,NA,NA,NA,2020-05-17,21,210147125,241080,7938,16118,485,94122,130840,NA
"84","Brasil",NA,NA,76,NA,NA,NA,2020-05-18,21,210147125,254220,13140,16792,674,100459,136969,NA
"85","Brasil",NA,NA,76,NA,NA,NA,2020-05-19,21,210147125,271628,17408,17971,1179,106794,146863,NA
"86","Brasil",NA,NA,76,NA,NA,NA,2020-05-20,21,210147125,291579,19951,18859,888,116683,156037,NA
"87","Brasil",NA,NA,76,NA,NA,NA,2020-05-21,21,210147125,310087,18508,20047,1188,125960,164080,NA
"88","Brasil",NA,NA,76,NA,NA,NA,2020-05-22,21,210147125,330890,20803,21046,999,135430,174412,NA
"89","Brasil",NA,NA,76,NA,NA,NA,2020-05-23,21,210147125,347398,16508,22013,967,142587,182798,NA
"90","Brasil",NA,NA,76,NA,NA,NA,2020-05-24,22,210147125,363211,15813,22666,653,149911,190634,NA
"91","Brasil",NA,NA,76,NA,NA,NA,2020-05-25,22,210147125,374898,11687,23473,807,153833,197592,NA
"92","Brasil",NA,NA,76,NA,NA,NA,2020-05-26,22,210147125,391222,16324,24512,1039,158593,208117,NA
"93","Brasil",NA,NA,76,NA,NA,NA,2020-05-27,22,210147125,411821,20599,25598,1086,166647,219576,NA
"94","Brasil",NA,NA,76,NA,NA,NA,2020-05-28,22,210147125,438238,26417,26754,1156,177604,233880,NA
"95","Brasil",NA,NA,76,NA,NA,NA,2020-05-29,22,210147125,465166,26928,27878,1124,189476,247812,NA
"96","Brasil",NA,NA,76,NA,NA,NA,2020-05-30,22,210147125,498440,33274,28834,956,200892,268714,NA
"97","Brasil",NA,NA,76,NA,NA,NA,2020-05-31,23,210147125,514200,15760,29314,480,206555,278331,NA
"98","Brasil",NA,NA,76,NA,NA,NA,2020-06-01,23,210147125,526447,12247,29937,623,211080,285430,NA
"99","Brasil",NA,NA,76,NA,NA,NA,2020-06-02,23,210147125,555383,28936,31199,1262,223638,300546,NA
"100","Brasil",NA,NA,76,NA,NA,NA,2020-06-03,23,210147125,584016,28633,32548,1349,238617,312851,NA
"101","Brasil",NA,NA,76,NA,NA,NA,2020-06-04,23,210147125,614941,30925,34021,1473,254963,325957,NA
"102","Brasil",NA,NA,76,NA,NA,NA,2020-06-05,23,210147125,645771,30830,35026,1005,266940,343805,NA
"103","Brasil",NA,NA,76,NA,NA,NA,2020-06-06,23,210147125,672846,27075,35930,904,277149,359767,NA
"104","Brasil",NA,NA,76,NA,NA,NA,2020-06-07,24,210147125,691758,18912,36455,525,283952,371351,NA
"105","Brasil",NA,NA,76,NA,NA,NA,2020-06-08,24,210147125,707412,15654,37134,679,290040,380238,NA
"106","Brasil",NA,NA,76,NA,NA,NA,2020-06-09,24,210147125,739503,32091,38406,1272,311064,390033,NA
"107","Brasil",NA,NA,76,NA,NA,NA,2020-06-10,24,210147125,772416,32913,39680,1274,325395,407341,NA
"108","Brasil",NA,NA,76,NA,NA,NA,2020-06-11,24,210147125,802828,30412,40919,1239,345595,416314,NA
"109","Brasil",NA,NA,76,NA,NA,NA,2020-06-12,24,210147125,828810,25982,41828,909,365063,421919,NA
"110","Brasil",NA,NA,76,NA,NA,NA,2020-06-13,24,210147125,850514,21704,42720,892,379245,428549,NA
"111","Brasil",NA,NA,76,NA,NA,NA,2020-06-14,25,210147125,867624,17110,43332,612,388492,435800,NA
"112","Brasil",NA,NA,76,NA,NA,NA,2020-06-15,25,210147125,888271,20647,43959,627,412252,432060,NA
"113","Brasil",NA,NA,76,NA,NA,NA,2020-06-16,25,210147125,923189,34918,45241,1282,441729,436219,NA
"114","Brasil",NA,NA,76,NA,NA,NA,2020-06-17,25,210147125,955377,32188,46510,1269,463474,445393,NA
"115","Brasil",NA,NA,76,NA,NA,NA,2020-06-18,25,210147125,978142,22765,47748,1238,482102,448292,NA
"116","Brasil",NA,NA,76,NA,NA,NA,2020-06-19,25,210147125,1032913,54771,48954,1206,507200,476759,NA
"117","Brasil",NA,NA,76,NA,NA,NA,2020-06-20,25,210147125,1067579,34666,49976,1022,520734,496869,NA
"118","Brasil",NA,NA,76,NA,NA,NA,2020-06-21,26,210147125,1085038,17459,50617,641,549386,485035,NA
"119","Brasil",NA,NA,76,NA,NA,NA,2020-06-22,26,210147125,1106470,21432,51271,654,571649,483550,NA
"120","Brasil",NA,NA,76,NA,NA,NA,2020-06-23,26,210147125,1145906,39436,52645,1374,613345,479916,NA
"121","Brasil",NA,NA,76,NA,NA,NA,2020-06-24,26,210147125,1188631,42725,53830,1185,649908,484893,NA
"122","Brasil",NA,NA,76,NA,NA,NA,2020-06-25,26,210147125,1228114,39483,54971,1141,673729,499414,NA
"123","Brasil",NA,NA,76,NA,NA,NA,2020-06-26,26,210147125,1274974,46860,55961,990,697526,521487,NA
"124","Brasil",NA,NA,76,NA,NA,NA,2020-06-27,26,210147125,1313667,38693,57070,1109,715905,540692,NA
"125","Brasil",NA,NA,76,NA,NA,NA,2020-06-28,27,210147125,1344143,30476,57622,552,733848,552673,NA
"126","Brasil",NA,NA,76,NA,NA,NA,2020-06-29,27,210147125,1368195,24052,58314,692,757462,552419,NA
"127","Brasil",NA,NA,76,NA,NA,NA,2020-06-30,27,210147125,1402041,33846,59594,1280,790040,552407,NA
"128","Brasil",NA,NA,76,NA,NA,NA,2020-07-01,27,210147125,1448753,46712,60632,1038,826866,561255,NA
"129","Brasil",NA,NA,76,NA,NA,NA,2020-07-02,27,210147125,1496858,48105,61884,1252,852816,582158,NA
"130","Brasil",NA,NA,76,NA,NA,NA,2020-07-03,27,210147125,1539081,42223,63174,1290,868372,607535,NA
"131","Brasil",NA,NA,76,NA,NA,NA,2020-07-04,27,210147125,1577004,37923,64265,1091,876359,636380,NA
"132","Brasil",NA,NA,76,NA,NA,NA,2020-07-05,28,210147125,1603055,26051,64867,602,906286,631902,NA
"133","Brasil",NA,NA,76,NA,NA,NA,2020-07-06,28,210147125,1623284,20229,65487,620,927292,630505,NA
"134","Brasil",NA,NA,76,NA,NA,NA,2020-07-07,28,210147125,1668589,45305,66741,1254,976977,624871,NA
"135","Brasil",NA,NA,76,NA,NA,NA,2020-07-08,28,210147125,1713160,44571,67964,1223,1020901,624295,NA
"136","Brasil",NA,NA,76,NA,NA,NA,2020-07-09,28,210147125,1755779,42619,69184,1220,1054043,632552,NA
"137","Brasil",NA,NA,76,NA,NA,NA,2020-07-10,28,210147125,1800827,45048,70398,1214,1078763,651666,NA
"138","Brasil",NA,NA,76,NA,NA,NA,2020-07-11,28,210147125,1839850,39023,71469,1071,1100873,667508,NA
"139","Brasil",NA,NA,76,NA,NA,NA,2020-07-12,29,210147125,1864681,24831,72100,631,1123204,669377,NA
"140","Brasil",NA,NA,76,NA,NA,NA,2020-07-13,29,210147125,1884967,20286,72833,733,1154837,657297,NA
"141","Brasil",NA,NA,76,NA,NA,NA,2020-07-14,29,210147125,1926824,41857,74133,1300,1209208,643483,NA
"142","Brasil",NA,NA,76,NA,NA,NA,2020-07-15,29,210147125,1966748,39924,75366,1233,1255564,635818,NA
"143","Brasil",NA,NA,76,NA,NA,NA,2020-07-16,29,210147125,2012151,45403,76688,1322,1296328,639135,NA
"144","Brasil",NA,NA,76,NA,NA,NA,2020-07-17,29,210147125,2046328,34177,77851,1163,1321036,647441,NA
"145","Brasil",NA,NA,76,NA,NA,NA,2020-07-18,29,210147125,2074860,28532,78772,921,1342362,653726,NA
"146","Brasil",NA,NA,76,NA,NA,NA,2020-07-19,30,210147125,2098389,23529,79488,716,1371229,647672,NA
"147","Brasil",NA,NA,76,NA,NA,NA,2020-07-20,30,210147125,2118646,20257,80120,632,1409202,629324,NA
"148","Brasil",NA,NA,76,NA,NA,NA,2020-07-21,30,210147125,2159654,41008,81487,1367,1465970,612197,NA
"149","Brasil",NA,NA,76,NA,NA,NA,2020-07-22,30,210147125,2227514,67860,82771,1284,1532138,612605,NA
"150","Brasil",NA,NA,76,NA,NA,NA,2020-07-23,30,210147125,2287475,59961,84082,1311,1570237,633156,NA
"151","Brasil",NA,NA,76,NA,NA,NA,2020-07-24,30,210147125,2343366,55891,85238,1156,1592281,665847,NA
"152","Brasil",NA,NA,76,NA,NA,NA,2020-07-25,30,210147125,2394513,51147,86449,1211,1617480,690584,NA
"153","Brasil",NA,NA,76,NA,NA,NA,2020-07-26,31,210147125,2419091,24578,87004,555,1634274,697813,NA
"154","Brasil",NA,NA,76,NA,NA,NA,2020-07-27,31,210147125,2442375,23284,87618,614,1667667,687090,NA
"155","Brasil",NA,NA,76,NA,NA,NA,2020-07-28,31,210147125,2483191,40816,88539,921,1721560,673092,NA
"156","Brasil",NA,NA,76,NA,NA,NA,2020-07-29,31,210147125,2552265,69074,90134,1595,1786753,675378,NA
"157","Brasil",NA,NA,76,NA,NA,NA,2020-07-30,31,210147125,2610102,57837,91263,1129,1824095,694744,NA
"158","Brasil",NA,NA,76,NA,NA,NA,2020-07-31,31,210147125,2662485,52383,92475,1212,1844051,725959,NA
"159","Brasil",NA,NA,76,NA,NA,NA,2020-08-01,31,210147125,2707877,45392,93563,1088,1865729,748585,NA
"160","Brasil",NA,NA,76,NA,NA,NA,2020-08-02,32,210147125,2733677,25800,94104,541,1883677,755896,NA
"161","Brasil",NA,NA,76,NA,NA,NA,2020-08-03,32,210147125,2750318,16641,94665,561,1912319,743334,NA
"162","Brasil",NA,NA,76,NA,NA,NA,2020-08-04,32,210147125,2801921,51603,95819,1154,1970767,735335,NA
"163","Brasil",NA,NA,76,NA,NA,NA,2020-08-05,32,210147125,2857597,55676,97240,1421,2020637,741180,NA
"164","Brasil",NA,NA,76,NA,NA,NA,2020-08-06,32,210147125,2912212,54615,98493,1253,2080916,781954,NA
"165","Brasil",NA,NA,76,NA,NA,NA,2020-08-07,32,210147125,2962442,50230,99572,1079,2068394,794476,NA
"166","Brasil",NA,NA,76,NA,NA,NA,2020-08-08,32,210147125,3012412,49970,100477,905,2094293,817642,NA
"167","Brasil",NA,NA,76,NA,NA,NA,2020-08-09,33,210147125,3035422,23010,101049,572,2118460,815913,NA
"168","Brasil",NA,NA,76,NA,NA,NA,2020-08-10,33,210147125,3057470,22048,101752,703,2163812,791906,NA
"169","Brasil",NA,NA,76,NA,NA,NA,2020-08-11,33,210147125,3109630,52160,103026,1274,2243124,763480,NA
"170","Brasil",NA,NA,76,NA,NA,NA,2020-08-12,33,210147125,3164785,55155,104201,1175,2309477,751107,NA
"171","Brasil",NA,NA,76,NA,NA,NA,2020-08-13,33,210147125,3224876,60091,105463,1262,2356640,762773,NA
"172","Brasil",NA,NA,76,NA,NA,NA,2020-08-14,33,210147125,3275520,50644,106523,1060,2384302,784695,NA
"173","Brasil",NA,NA,76,NA,NA,NA,2020-08-15,33,210147125,3317096,41576,107232,709,2404272,805592,NA
"174","Brasil",NA,NA,76,NA,NA,NA,2020-08-16,34,210147125,3340197,23101,107852,620,2432456,799889,NA
"175","Brasil",NA,NA,76,NA,NA,NA,2020-08-17,34,210147125,3359570,19373,108536,684,2478494,772540,NA
"176","Brasil",NA,NA,76,NA,NA,NA,2020-08-18,34,210147125,3407354,47784,109888,1352,2554179,743287,NA
"177","Brasil",NA,NA,76,NA,NA,NA,2020-08-19,34,210147125,3456652,49298,111100,1212,2615254,730298,NA
"178","Brasil",NA,NA,76,NA,NA,NA,2020-08-20,34,210147125,3501975,45323,112304,1204,2653407,736264,NA
"179","Brasil",NA,NA,76,NA,NA,NA,2020-08-21,34,210147125,3532330,30355,113358,1054,2670755,748217,NA
"180","Brasil",NA,NA,76,NA,NA,NA,2020-08-22,34,210147125,3582362,50032,114250,892,2709638,758474,NA
"181","Brasil",NA,NA,76,NA,NA,NA,2020-08-23,35,210147125,3605783,23421,114744,494,2739035,752004,NA
"182","Brasil",NA,NA,76,NA,NA,NA,2020-08-24,35,210147125,3622861,17078,115309,565,2778709,728843,NA
"183","Brasil",NA,NA,76,NA,NA,NA,2020-08-25,35,210147125,3669995,47134,116580,1271,2848395,705020,NA
"184","Brasil",NA,NA,76,NA,NA,NA,2020-08-26,35,210147125,3717156,47161,117665,1085,2908848,690642,NA
"185","Brasil",NA,NA,76,NA,NA,NA,2020-08-27,35,210147125,3761391,44235,118649,984,2947250,695492,NA
"186","Brasil",NA,NA,76,NA,NA,NA,2020-08-28,35,210147125,3804803,43412,119504,855,2976796,708503,NA
"187","Brasil",NA,NA,76,NA,NA,NA,2020-08-29,35,210147125,3846153,41350,120462,958,3006679,719012,NA
"188","Brasil",NA,NA,76,NA,NA,NA,2020-08-30,36,210147125,3862311,16158,120828,366,3031626,709857,NA
"189","Brasil",NA,NA,76,NA,NA,NA,2020-08-31,36,210147125,3908272,45961,121381,553,3097734,689157,NA
"190","Brasil",NA,NA,76,NA,NA,NA,2020-09-01,36,210147125,3950931,42659,122596,1215,3159096,669239,NA
"191","Brasil",NA,NA,76,NA,NA,NA,2020-09-02,36,210147125,3997865,46934,123780,1184,3210405,663680,NA
"192","Brasil",NA,NA,76,NA,NA,NA,2020-09-03,36,210147125,4041638,43773,124614,834,3247610,669414,NA
"193","Brasil",NA,NA,76,NA,NA,NA,2020-09-04,36,210147125,4092832,51194,125521,907,3278918,688393,NA
"194","Brasil",NA,NA,76,NA,NA,NA,2020-09-05,36,210147125,4123000,30168,126203,682,3296702,700095,NA
"195","Brasil",NA,NA,76,NA,NA,NA,2020-09-06,37,210147125,4137521,14521,126650,447,3317227,693644,NA
"196","Brasil",NA,NA,76,NA,NA,NA,2020-09-07,37,210147125,4147794,10273,126960,310,3355564,665270,NA
"197","Brasil",NA,NA,76,NA,NA,NA,2020-09-08,37,210147125,4162073,14279,127464,504,3397234,637375,NA
"198","Brasil",NA,NA,76,NA,NA,NA,2020-09-09,37,210147125,4197889,35816,128539,1075,3453336,616014,NA
"199","Brasil",NA,NA,76,NA,NA,NA,2020-09-10,37,210147125,4238446,40557,129522,983,3497337,611587,NA
"200","Brasil",NA,NA,76,NA,NA,NA,2020-09-11,37,210147125,4282164,43718,130396,874,3530655,621113,NA
"201","Brasil",NA,NA,76,NA,NA,NA,2020-09-12,37,210147125,4315687,33523,131210,814,3553421,631056,NA
"202","Brasil",NA,NA,76,NA,NA,NA,2020-09-13,38,210147125,4330455,14768,131625,415,3573958,624872,NA
"203","Brasil",NA,NA,76,NA,NA,NA,2020-09-14,38,210147125,4345610,15155,132006,381,3613184,600420,NA
"204","Brasil",NA,NA,76,NA,NA,NA,2020-09-15,38,210147125,4382263,36653,133119,1113,3671128,578016,NA
"205","Brasil",NA,NA,76,NA,NA,NA,2020-09-16,38,210147125,4419083,36820,134106,987,3720312,564665,NA
"206","Brasil",NA,NA,76,NA,NA,NA,2020-09-17,38,210147125,4455386,36303,134935,829,3753082,567369,NA
"207","Brasil",NA,NA,76,NA,NA,NA,2020-09-18,38,210147125,4495183,39797,135793,858,3789139,570251,NA
"208","Brasil",NA,NA,76,NA,NA,NA,2020-09-19,38,210147125,4528240,33057,136532,739,3820095,571613,NA
"209","Brasil",NA,NA,76,NA,NA,NA,2020-09-20,39,210147125,4544629,16389,136895,363,3851227,556507,NA
"210","Brasil",NA,NA,76,NA,NA,NA,2020-09-21,39,210147125,4558068,13439,137272,377,3887199,533597,NA
"211","Brasil",NA,NA,76,NA,NA,NA,2020-09-22,39,210147125,4591604,33536,138108,836,3945627,507869,NA
"212","Brasil",NA,NA,76,NA,NA,NA,2020-09-23,39,210147125,4624885,33281,138977,869,3992886,493022,NA
"213","Brasil",NA,NA,76,NA,NA,NA,2020-09-24,39,210147125,4657702,32817,139808,831,4023789,494105,NA
"214","Brasil",NA,NA,76,NA,NA,NA,2020-09-25,39,210147125,4689613,31911,140537,729,4040949,508127,NA
"215","Brasil",NA,NA,76,NA,NA,NA,2020-09-26,39,210147125,4717991,28378,141406,869,4050837,525748,NA
"216","Brasil",NA,NA,76,NA,NA,NA,2020-09-27,40,210147125,4732309,14318,141741,335,4060088,530480,NA
"217","Brasil",NA,NA,76,NA,NA,NA,2020-09-28,40,210147125,4745464,13155,142058,317,4084182,519224,NA
"218","Brasil",NA,NA,76,NA,NA,NA,2020-09-29,40,210147125,4777522,32058,142921,863,4135088,499513,NA
"219","Brasil",NA,NA,76,NA,NA,NA,2020-09-30,40,210147125,4810935,33413,143952,1031,4180376,486607,NA
"220","Brasil",NA,NA,76,NA,NA,NA,2020-10-01,40,210147125,4847092,36157,144680,728,4212772,489640,NA
"221","Brasil",NA,NA,76,NA,NA,NA,2020-10-02,40,210147125,4880523,33431,145388,708,4232593,502542,NA
"222","Brasil",NA,NA,76,NA,NA,NA,2020-10-03,40,210147125,4906833,26310,145987,599,4248574,512272,NA
"223","Brasil",NA,NA,76,NA,NA,NA,2020-10-04,41,210147125,4915289,8456,146352,365,4263208,505729,NA
"224","Brasil",NA,NA,76,NA,NA,NA,2020-10-05,41,210147125,4927235,11946,146675,323,4295302,485258,NA
"225","Brasil",NA,NA,76,NA,NA,NA,2020-10-06,41,210147125,4969141,41906,147494,819,4352871,468776,NA
"226","Brasil",NA,NA,76,NA,NA,NA,2020-10-07,41,210147125,5000694,31553,148228,734,4391424,461042,NA
"227","Brasil",NA,NA,76,NA,NA,NA,2020-10-08,41,210147125,5028444,27750,148957,729,4414564,464923,NA
"228","Brasil",NA,NA,76,NA,NA,NA,2020-10-09,41,210147125,5055888,27444,149639,682,4433595,472654,NA
"229","Brasil",NA,NA,76,NA,NA,NA,2020-10-10,41,210147125,5082637,26749,150198,559,4453722,478717,NA
"230","Brasil",NA,NA,76,NA,NA,NA,2020-10-11,42,210147125,5094979,12342,150488,290,4470163,474328,NA
"231","Brasil",NA,NA,76,NA,NA,NA,2020-10-12,42,210147125,5103408,8429,150689,201,4495269,457450,NA
"232","Brasil",NA,NA,76,NA,NA,NA,2020-10-13,42,210147125,5113628,10220,150998,309,4526975,435655,NA
"233","Brasil",NA,NA,76,NA,NA,NA,2020-10-14,42,210147125,5140863,27235,151747,749,4568813,420303,NA
"234","Brasil",NA,NA,76,NA,NA,NA,2020-10-15,42,210147125,5169386,28523,152460,713,4599446,417480,NA
"235","Brasil",NA,NA,76,NA,NA,NA,2020-10-16,42,210147125,5200300,30914,153214,754,4619560,427526,NA
"236","Brasil",NA,NA,76,NA,NA,NA,2020-10-17,42,210147125,5224362,24062,153675,461,4635315,435372,NA
"237","Brasil",NA,NA,76,NA,NA,NA,2020-10-18,43,210147125,5235344,10982,153905,230,4650030,431409,NA
"238","Brasil",NA,NA,76,NA,NA,NA,2020-10-19,43,210147125,5250727,15383,154176,271,4681659,414892,NA
"239","Brasil",NA,NA,76,NA,NA,NA,2020-10-20,43,210147125,5273954,23227,154837,661,4721593,397524,NA
"240","Brasil",NA,NA,76,NA,NA,NA,2020-10-21,43,210147125,5298772,24818,155403,566,4756489,386880,NA
"241","Brasil",NA,NA,76,NA,NA,NA,2020-10-22,43,210147125,5323630,24858,155900,497,4779295,388435,NA
"242","Brasil",NA,NA,76,NA,NA,NA,2020-10-23,43,210147125,5353656,30026,156471,571,4797872,399313,NA
"243","Brasil",NA,NA,76,NA,NA,NA,2020-10-24,43,210147125,5380635,26979,156903,432,4817898,405834,NA
"244","Brasil",NA,NA,76,NA,NA,NA,2020-10-25,44,210147125,5394128,13493,157134,231,4835915,401079,NA
"245","Brasil",NA,NA,76,NA,NA,NA,2020-10-26,44,210147125,5409854,15726,157397,263,4865930,386527,NA
"246","Brasil",NA,NA,76,NA,NA,NA,2020-10-27,44,210147125,5439641,29787,157946,549,4904046,377649,NA
"247","Brasil",NA,NA,76,NA,NA,NA,2020-10-28,44,210147125,5468270,28629,158456,510,4934548,375266,NA
"248","Brasil",NA,NA,76,NA,NA,NA,2020-10-29,44,210147125,5494376,26106,158969,513,4954159,381248,NA
"249","Brasil",NA,NA,76,NA,NA,NA,2020-10-30,44,210147125,5516658,22282,159477,508,4966264,390917,NA
"250","Brasil",NA,NA,76,NA,NA,NA,2020-10-31,44,210147125,5535605,18947,159884,407,4972898,402823,NA
"251","Brasil",NA,NA,76,NA,NA,NA,2020-11-01,45,210147125,5545705,10100,160074,190,4980942,404689,NA
"252","Brasil",NA,NA,76,NA,NA,NA,2020-11-02,45,210147125,5554206,8501,160253,179,4998408,395545,NA
"253","Brasil",NA,NA,76,NA,NA,NA,2020-11-03,45,210147125,5566049,11843,160496,243,5028216,377337,NA
"254","Brasil",NA,NA,76,NA,NA,NA,2020-11-04,45,210147125,5590025,23976,161106,610,5064344,364575,NA
"255","Brasil",NA,NA,76,NA,NA,NA,2020-11-05,45,210147125,5612319,22294,161736,630,5088635,361948,NA
"256","Brasil",NA,NA,76,NA,NA,NA,2020-11-06,45,210147125,5633747,21428,162038,302,5104195,367514,NA
"257","Brasil",NA,NA,76,NA,NA,NA,2020-11-07,45,210147125,5653561,19814,162269,231,5119132,372160,NA
"258","Brasil",NA,NA,76,NA,NA,NA,2020-11-08,46,210147125,5664115,10554,162397,128,5133155,368563,NA
"259","Brasil",NA,NA,76,NA,NA,NA,2020-11-09,46,210147125,5675032,10917,162628,231,5154005,358399,NA
"260","Brasil",NA,NA,76,NA,NA,NA,2020-11-10,46,210147125,5700044,25012,162829,201,5189529,347686,NA
"261","Brasil",NA,NA,76,NA,NA,NA,2020-11-11,46,210147125,5748375,48331,163373,544,5236345,348657,NA
"262","Brasil",NA,NA,76,NA,NA,NA,2020-11-12,46,210147125,5781582,33207,164281,908,5256767,360534,NA
"263","Brasil",NA,NA,76,NA,NA,NA,2020-11-13,46,210147125,5810652,29070,164737,456,5267567,378348,NA
"264","Brasil",NA,NA,76,NA,NA,NA,2020-11-14,46,210147125,5848959,38307,165658,921,5291511,391790,NA
"265","Brasil",NA,NA,76,NA,NA,NA,2020-11-15,47,210147125,5863093,14134,165798,140,5303114,394181,NA
"266","Brasil",NA,NA,76,NA,NA,NA,2020-11-16,47,210147125,5876464,13371,166014,216,5322406,388044,NA
"267","Brasil",NA,NA,76,NA,NA,NA,2020-11-17,47,210147125,5911758,35294,166699,685,5361592,383467,NA
"268","Brasil",NA,NA,76,NA,NA,NA,2020-11-18,47,210147125,5945849,34091,167455,756,5389863,388531,NA
"269","Brasil",NA,NA,76,NA,NA,NA,2020-11-19,47,210147125,5981767,35918,168061,606,5407498,406208,NA
"270","Brasil",NA,NA,76,NA,NA,NA,2020-11-20,47,210147125,6020164,38397,168613,552,5422102,429449,NA
"271","Brasil",NA,NA,76,NA,NA,NA,2020-11-21,47,210147125,6052786,32622,168989,376,5429158,454639,NA
"272","Brasil",NA,NA,76,NA,NA,NA,2020-11-22,48,210147125,6071401,18615,169183,194,5432505,469713,NA
"273","Brasil",NA,NA,76,NA,NA,NA,2020-11-23,48,210147125,6087608,16207,169485,302,5445095,473028,NA
"274","Brasil",NA,NA,76,NA,NA,NA,2020-11-24,48,210147125,6118708,31100,170115,630,5476018,472575,NA
"275","Brasil",NA,NA,76,NA,NA,NA,2020-11-25,48,210147125,6166606,47898,170769,654,5512847,482990,NA
"276","Brasil",NA,NA,76,NA,NA,NA,2020-11-26,48,210147125,6204220,37614,171460,691,5528599,504161,NA
"277","Brasil",NA,NA,76,NA,NA,NA,2020-11-27,48,210147125,6238350,34130,171974,514,5536524,529852,NA
"278","Brasil",NA,NA,76,NA,NA,NA,2020-11-28,48,210147125,6290272,51922,172561,587,5562539,555172,NA
"279","Brasil",NA,NA,76,NA,NA,NA,2020-11-29,49,210147125,6314740,24468,172833,272,5578118,563789,NA
"280","Brasil",NA,NA,76,NA,NA,NA,2020-11-30,49,210147125,6335878,21138,173120,287,5601804,560954,NA
"281","Brasil",NA,NA,76,NA,NA,NA,2020-12-01,49,210147125,6386787,50909,173817,697,5656498,556472,NA
"282","Brasil",NA,NA,76,NA,NA,NA,2020-12-02,49,210147125,6436650,49863,174515,698,5698353,563782,NA
"283","Brasil",NA,NA,76,NA,NA,NA,2020-12-03,49,210147125,6487084,50434,175270,755,5725010,586804,NA
"284","Brasil",NA,NA,76,NA,NA,NA,2020-12-04,49,210147125,6533968,46884,175964,694,5744369,613635,NA
"285","Brasil",NA,NA,76,NA,NA,NA,2020-12-05,49,210147125,6577177,43209,176628,664,5761363,639186,NA
"286","Brasil",NA,NA,76,NA,NA,NA,2020-12-06,50,210147125,6603540,26363,176941,313,5776182,650417,NA
"287","Brasil",NA,NA,76,NA,NA,NA,2020-12-07,50,210147125,6623911,20371,177317,376,5801067,645527,NA
"288","Brasil",NA,NA,76,NA,NA,NA,2020-12-08,50,210147125,6674999,51088,178159,842,5854709,642131,NA
"289","Brasil",NA,NA,76,NA,NA,NA,2020-12-09,50,210147125,6728452,53453,178995,836,5901511,647946,NA
"290","Brasil",NA,NA,76,NA,NA,NA,2020-12-10,50,210147125,6781799,53347,179765,770,5931777,670257,NA
"291","Brasil",NA,NA,76,NA,NA,NA,2020-12-11,50,210147125,6836227,54428,180437,672,5954745,701045,NA
"292","Brasil",NA,NA,76,NA,NA,NA,2020-12-12,50,210147125,6880127,43900,181123,686,5969706,729298,NA
"293","Brasil",NA,NA,76,NA,NA,NA,2020-12-13,51,210147125,6901952,21825,181402,279,5982953,737597,NA
"294","Brasil",NA,NA,76,NA,NA,NA,2020-12-14,51,210147125,6927145,25193,181835,433,6016085,729225,NA
"295","Brasil",NA,NA,76,NA,NA,NA,2020-12-15,51,210147125,6970034,42889,182799,964,6067862,719373,NA
"296","Brasil",NA,NA,76,NA,NA,NA,2020-12-16,51,210147125,7040608,70574,183735,936,6132683,724190,NA
"297","Brasil",NA,NA,76,NA,NA,NA,2020-12-17,51,210147125,7110434,69826,184827,1092,6177702,747905,NA
"298","Brasil",NA,NA,76,NA,NA,NA,2020-12-18,51,210147125,7162978,52544,185650,823,6198185,779143,NA
"299","Brasil",NA,NA,76,NA,NA,NA,2020-12-19,51,210147125,7213155,50177,186356,706,6222764,804035,NA
"300","Brasil",NA,NA,76,NA,NA,NA,2020-12-20,52,210147125,7238600,25445,186764,408,6245801,806035,NA
"301","Brasil",NA,NA,76,NA,NA,NA,2020-12-21,52,210147125,7263619,25019,187291,527,6286980,789348,NA
"302","Brasil",NA,NA,76,NA,NA,NA,2020-12-22,52,210147125,7318821,55202,188259,968,6354972,775590,NA
"303","Brasil",NA,NA,76,NA,NA,NA,2020-12-23,52,210147125,7365517,46696,189220,961,6405356,770941,NA
"304","Brasil",NA,NA,76,NA,NA,NA,2020-12-24,52,210147125,7425593,60076,190006,786,6448740,785223,NA
"305","Brasil",NA,NA,76,NA,NA,NA,2020-12-24,52,210147125,7425593,0,190006,0,6449822,785765,NA
"306","Brasil",NA,NA,76,NA,NA,NA,2020-12-25,52,210147125,7448560,22967,190488,482,6459335,798737,NA
"307","Brasil",NA,NA,76,NA,NA,NA,2020-12-26,52,210147125,7465806,17246,190795,307,6475466,799545,NA
"308","Brasil",NA,NA,76,NA,NA,NA,2020-12-27,53,210147125,7484285,18479,191139,344,6515370,777776,NA
"309","Brasil",NA,NA,76,NA,NA,NA,2020-12-28,53,210147125,7504833,20548,191570,431,6568898,744365,NA
"310","Brasil",NA,NA,76,NA,NA,NA,2020-12-29,53,210147125,7563551,58718,192681,1111,6647538,723332,NA
"311","Brasil",NA,NA,76,NA,NA,NA,2020-12-30,53,210147125,7619200,55649,193875,1194,6707781,717544,NA
"312","Brasil",NA,NA,76,NA,NA,NA,2020-12-31,53,210147125,7675973,56773,194949,1074,6747065,733959,NA
"313","Brasil",NA,NA,76,NA,NA,NA,2021-01-01,53,210147125,7700578,24605,195411,462,6756284,748883,NA
"314","Brasil",NA,NA,76,NA,NA,NA,2021-01-02,53,210147125,7716405,15827,195725,314,6769420,751260,NA
"315","Brasil",NA,NA,76,NA,NA,NA,2021-01-03,1,210147125,7733746,17341,196018,293,6813008,724720,NA
"316","Brasil",NA,NA,76,NA,NA,NA,2021-01-04,1,210147125,7753752,20006,196561,543,6875230,681961,NA
"317","Brasil",NA,NA,76,NA,NA,NA,2021-01-05,1,210147125,7810400,56648,197732,1171,6963407,649261,NA
"318","Brasil",NA,NA,76,NA,NA,NA,2021-01-06,1,210147125,7873830,63430,198974,1242,7036530,638326,NA
"319","Brasil",NA,NA,76,NA,NA,NA,2021-01-07,1,210147125,7961673,87843,200498,1524,7096931,664244,NA
"320","Brasil",NA,NA,76,NA,NA,NA,2021-01-08,1,210147125,8013708,52035,201460,962,7114474,697774,NA
"321","Brasil",NA,NA,76,NA,NA,NA,2021-01-09,1,210147125,8075998,62290,202631,1171,7144011,729356,NA
"322","Brasil",NA,NA,76,NA,NA,NA,2021-01-10,2,210147125,8105790,29792,203100,469,7167651,735039,NA
"323","Brasil",NA,NA,76,NA,NA,NA,2021-01-11,2,210147125,8131612,25822,203580,480,7207483,720549,NA
"324","Brasil",NA,NA,76,NA,NA,NA,2021-01-12,2,210147125,8195637,64025,204690,1110,7273707,717240,NA
"325","Brasil",NA,NA,76,NA,NA,NA,2021-01-13,2,210147125,8256536,60899,205964,1274,7277195,713752,NA
"326","Brasil",NA,NA,76,NA,NA,NA,2021-01-13,2,210147125,8256536,0,205964,0,7316944,733628,NA
"327","Brasil",NA,NA,76,NA,NA,NA,2021-01-14,2,210147125,8324294,67758,207095,1131,7339703,777496,NA
"328","Brasil",NA,NA,76,NA,NA,NA,2021-01-15,2,210147125,8393492,69198,208246,1151,7361379,823867,NA
"329","Brasil",NA,NA,76,NA,NA,NA,2021-01-16,2,210147125,8455059,61567,209296,1050,7388784,856979,NA
"330","Brasil",NA,NA,76,NA,NA,NA,2021-01-17,3,210147125,8488099,33040,209847,551,7411654,866598,NA
"331","Brasil",NA,NA,76,NA,NA,NA,2021-01-18,3,210147125,8511770,23671,210299,452,7452047,849424,NA
"332","Brasil",NA,NA,76,NA,NA,NA,2021-01-19,3,210147125,8573864,62094,211491,1192,7518846,843527,NA
"333","Brasil",NA,NA,76,NA,NA,NA,2021-01-20,3,210147125,8638249,64385,212831,1340,7564622,860796,NA
"334","Brasil",NA,NA,76,NA,NA,NA,2021-01-21,3,210147125,8697368,59119,214147,1316,7580741,902480,NA
"335","Brasil",NA,NA,76,NA,NA,NA,2021-01-22,3,210147125,8753920,56552,215243,1096,7594771,943906,NA
"336","Brasil",NA,NA,76,NA,NA,NA,2021-01-23,3,210147125,8816254,62334,216445,1202,7628438,971371,NA
"337","Brasil",NA,NA,76,NA,NA,NA,2021-01-24,4,210147125,8844577,28323,217037,592,7653770,973770,NA
"338","Brasil",NA,NA,76,NA,NA,NA,2021-01-25,4,210147125,8871393,26816,217664,627,7709602,944127,NA
"339","Brasil",NA,NA,76,NA,NA,NA,2021-01-26,4,210147125,8933356,61963,218878,1214,7798655,915823,NA
"340","Brasil",NA,NA,76,NA,NA,NA,2021-01-27,4,210147125,8996876,63520,220161,1283,7877337,899378,NA
"341","Brasil",NA,NA,76,NA,NA,NA,2021-01-28,4,210147125,9058687,61811,221547,1386,7923794,913346,NA
"342","Brasil",NA,NA,76,NA,NA,NA,2021-01-29,4,210147125,9118513,59826,222666,1119,7960643,935204,NA
"343","Brasil",NA,NA,76,NA,NA,NA,2021-01-30,4,210147125,9176975,58462,223945,1279,7998246,954784,NA
"344","Brasil",NA,NA,76,NA,NA,NA,2021-01-31,5,210147125,9204731,27756,224504,559,8027042,953185,NA
"345","Brasil",NA,NA,76,NA,NA,NA,2021-02-01,5,210147125,9229322,24591,225099,595,8077967,926256,NA
"346","Brasil",NA,NA,76,NA,NA,NA,2021-02-02,5,210147125,9283418,54096,226309,1210,8160929,896180,NA
"347","Brasil",NA,NA,76,NA,NA,NA,2021-02-03,5,210147125,9339420,56002,227563,1254,8236864,874993,NA
"348","Brasil",NA,NA,76,NA,NA,NA,2021-02-04,5,210147125,9396293,56873,228795,1232,8291763,875735,NA
"349","Brasil",NA,NA,76,NA,NA,NA,2021-02-05,5,210147125,9447165,50872,230034,1239,8326798,890333,NA
"350","Brasil",NA,NA,76,NA,NA,NA,2021-02-06,5,210147125,9497795,50630,231012,978,8363677,903106,NA
"351","Brasil",NA,NA,76,NA,NA,NA,2021-02-07,6,210147125,9524640,26845,231534,522,8397187,895919,NA
"352","Brasil",NA,NA,76,NA,NA,NA,2021-02-08,6,210147125,9548079,23439,232170,636,8447645,868264,NA
"353","Brasil",NA,NA,76,NA,NA,NA,2021-02-09,6,210147125,9599565,51486,233520,1350,8523462,842583,NA
"354","Brasil",NA,NA,76,NA,NA,NA,2021-02-10,6,210147125,9659167,59602,234850,1330,8596130,828187,NA
"355","Brasil",NA,NA,76,NA,NA,NA,2021-02-11,6,210147125,9713909,54742,236201,1351,8643693,834015,NA
"356","Brasil",NA,NA,76,NA,NA,NA,2021-02-12,6,210147125,9765455,51546,237489,1288,8678327,849639,NA
"357","Brasil",NA,NA,76,NA,NA,NA,2021-02-13,6,210147125,9809754,44299,238532,1043,8710840,860382,NA
"358","Brasil",NA,NA,76,NA,NA,NA,2021-02-14,7,210147125,9834513,24759,239245,713,8745424,849844,NA
"359","Brasil",NA,NA,76,NA,NA,NA,2021-02-15,7,210147125,9866710,32197,239773,528,8805239,821698,NA
"360","Brasil",NA,NA,76,NA,NA,NA,2021-02-16,7,210147125,9921981,55271,240940,1167,8883191,797850,NA
"361","Brasil",NA,NA,76,NA,NA,NA,2021-02-17,7,210147125,9978747,56766,242090,1150,8950450,786207,NA
"362","Brasil",NA,NA,76,NA,NA,NA,2021-02-18,7,210147125,10030626,51879,243457,1367,8995246,791923,NA
"363","Brasil",NA,NA,76,NA,NA,NA,2021-02-19,7,210147125,10081676,51050,244765,1308,9029159,807752,NA
"364","Brasil",NA,NA,76,NA,NA,NA,2021-02-20,7,210147125,10139148,57472,245977,1212,9067939,825232,NA
"365","Brasil",NA,NA,76,NA,NA,NA,2021-02-21,8,210147125,10168174,29026,246504,527,9095483,826187,NA
"366","Brasil",NA,NA,76,NA,NA,NA,2021-02-22,8,210147125,10195160,26986,247143,639,9139215,808802,NA
"367","Brasil",NA,NA,76,NA,NA,NA,2021-02-23,8,210147125,10257875,62715,248529,1386,9215164,794182,NA
"368","Brasil",NA,NA,76,NA,NA,NA,2021-02-24,8,210147125,10324463,66588,249957,1428,9281018,793488,NA
"369","Brasil",NA,NA,76,NA,NA,NA,2021-02-25,8,210147125,10390461,65998,251498,1541,9323696,815267,NA
"370","Brasil",NA,NA,76,NA,NA,NA,2021-02-26,8,210147125,10455630,65169,252835,1337,NA,NA,NA
"371","Brasil",NA,NA,76,NA,NA,NA,2021-02-27,8,210147125,10517232,61602,254221,1386,9386440,876571,NA
"372","Brasil",NA,NA,76,NA,NA,NA,2021-02-28,9,210147125,10551259,34027,254942,721,9411033,885284,NA
"373","Brasil",NA,NA,76,NA,NA,NA,2021-03-01,9,210147125,10587001,35742,255720,778,9457100,874181,NA
"374","Brasil",NA,NA,76,NA,NA,NA,2021-03-02,9,210147125,10646926,59925,257361,1641,9527173,862392,NA
"375","Brasil",NA,NA,76,NA,NA,NA,2021-03-03,9,210147125,10718630,71704,259271,1910,9591590,867769,NA
"376","Brasil",NA,NA,76,NA,NA,NA,2021-03-04,9,210147125,10793732,75102,260970,1699,9637020,895742,NA
"377","Brasil",NA,NA,76,NA,NA,NA,2021-03-05,9,210147125,10869227,75495,262770,1800,9671410,935047,NA
"378","Brasil",NA,NA,76,NA,NA,NA,2021-03-06,9,210147125,10938836,69609,264325,1555,9704351,970160,NA
"379","Brasil",NA,NA,76,NA,NA,NA,2021-03-07,10,210147125,11019344,80508,265411,1086,9757178,996755,NA
"380","Brasil",NA,NA,76,NA,NA,NA,2021-03-08,10,210147125,11051665,32321,266398,987,9782320,1002947,NA
"381","Brasil",NA,NA,76,NA,NA,NA,2021-03-09,10,210147125,11122429,70764,268370,1972,9843218,1010841,NA
"382","Brasil",NA,NA,76,NA,NA,NA,2021-03-10,10,210147125,11202305,79876,270656,2286,9913739,1017910,NA
"383","Brasil",NA,NA,76,NA,NA,NA,2021-03-11,10,210147125,11277717,75412,272889,2233,9958566,1046262,NA
"384","Brasil",NA,NA,76,NA,NA,NA,2021-03-12,10,210147125,11363380,85663,275105,2216,10000980,1087295,NA
"385","Brasil",NA,NA,76,NA,NA,NA,2021-03-13,10,210147125,11439558,76178,277102,1997,10036947,1125509,NA
"386","Brasil",NA,NA,76,NA,NA,NA,2021-03-14,11,210147125,11483370,43812,278229,1127,10063808,1141333,NA
"387","Brasil",NA,NA,76,NA,NA,NA,2021-03-15,11,210147125,11519609,36239,279286,1057,10111954,1128369,NA
"388","Brasil",NA,NA,76,NA,NA,NA,2021-03-16,11,210147125,11603535,83926,282127,2841,10204541,1116867,NA
"389","Brasil",NA,NA,76,NA,NA,NA,2021-03-17,11,210147125,11693838,90303,284775,2648,10287057,1122006,NA
"390","Brasil",NA,NA,76,NA,NA,NA,2021-03-18,11,210147125,11780820,86982,287499,2724,10339432,1153889,NA
"391","Brasil",NA,NA,76,NA,NA,NA,2021-03-19,11,210147125,11871390,90570,290314,2815,10383460,1197616,NA
"392","Brasil",NA,NA,76,NA,NA,NA,2021-03-20,11,210147125,11950459,79069,292752,2438,10419393,1238314,NA
"393","Brasil",NA,NA,76,NA,NA,NA,2021-03-21,12,210147125,11998233,47774,294042,1290,10449933,1254258,NA
"394","Brasil",NA,NA,76,NA,NA,NA,2021-03-22,12,210147125,12047526,49293,295425,1383,10507995,1244106,NA
"395","Brasil",NA,NA,76,NA,NA,NA,2021-03-23,12,210147125,12130019,82493,298676,3251,10601658,1229685,NA
"396","Brasil",NA,NA,76,NA,NA,NA,2021-03-24,12,210147125,12220011,89992,300685,2009,10689646,1229680,NA
"397","Brasil",NA,NA,76,NA,NA,NA,2021-03-25,12,210147125,12320169,100158,303462,2777,10772549,1244158,NA
"398","Brasil",NA,NA,76,NA,NA,NA,2021-03-26,12,210147125,12404414,84245,307112,3650,10824095,1273207,NA
"399","Brasil",NA,NA,76,NA,NA,NA,2021-03-27,12,210147125,12490362,85948,310550,3438,10879627,1300185,NA
"400","Brasil",NA,NA,76,NA,NA,NA,2021-03-28,13,210147125,12534688,44326,312206,1656,10912941,1309541,NA
"401","Brasil",NA,NA,76,NA,NA,NA,2021-03-29,13,210147125,12573615,38927,313866,1660,10969247,1290502,NA
"402","Brasil",NA,NA,76,NA,NA,NA,2021-03-30,13,210147125,12658109,84494,317646,3780,11074483,1265980,NA
"403","Brasil",NA,NA,76,NA,NA,NA,2021-03-31,13,210147125,12748747,90638,321515,3869,11169937,1257295,NA
"404","Brasil",NA,NA,76,NA,NA,NA,2021-04-01,13,210147125,12839844,91097,325284,3769,11239099,1275461,NA
"405","Brasil",NA,NA,76,NA,NA,NA,2021-04-02,13,210147125,12910082,70238,328206,2922,11276628,1305248,NA
"406","Brasil",NA,NA,76,NA,NA,NA,2021-04-03,13,210147125,12953597,43515,330193,1987,11305746,1317658,NA
"407","Brasil",NA,NA,76,NA,NA,NA,2021-04-04,14,210147125,12984956,31359,331433,1240,11357521,1296002,NA
"408","Brasil",NA,NA,76,NA,NA,NA,2021-04-05,14,210147125,13013601,28645,332752,1319,11436189,1244660,NA
"409","Brasil",NA,NA,76,NA,NA,NA,2021-04-06,14,210147125,13100580,86979,336947,4195,11558784,1204849,NA
"410","Brasil",NA,NA,76,NA,NA,NA,2021-04-07,14,210147125,13193205,92625,340776,3829,11664158,1188271,NA
"411","Brasil",NA,NA,76,NA,NA,NA,2021-04-08,14,210147125,13279857,86652,345025,4249,11732193,1202639,NA
"412","Brasil",NA,NA,76,NA,NA,NA,2021-04-09,14,210147125,13373174,93317,348718,3693,11791885,1232571,NA
"413","Brasil",NA,NA,76,NA,NA,NA,2021-04-10,14,210147125,13445006,71832,351334,2616,11838564,1255108,NA
"414","Brasil",NA,NA,76,NA,NA,NA,2021-04-11,15,210147125,13482023,37017,353137,1803,11880803,1248083,NA
"415","Brasil",NA,NA,76,NA,NA,NA,2021-04-12,15,210147125,13517808,35785,354617,1480,11957068,1206123,NA
"416","Brasil",NA,NA,76,NA,NA,NA,2021-04-13,15,210147125,13599994,82186,358425,3808,12074798,1166771,NA
"417","Brasil",NA,NA,76,NA,NA,NA,2021-04-14,15,210147125,13673507,73513,361884,3459,12170771,1140852,NA
"418","Brasil",NA,NA,76,NA,NA,NA,2021-04-15,15,210147125,13746681,73174,365444,3560,12236295,1144942,NA
"419","Brasil",NA,NA,76,NA,NA,NA,2021-04-16,15,210147125,13832455,85774,368749,3305,12298863,1164843,NA
"420","Brasil",NA,NA,76,NA,NA,NA,2021-04-17,15,210147125,13900091,67636,371678,2929,12344861,1183552,NA
"421","Brasil",NA,NA,76,NA,NA,NA,2021-04-18,16,210147125,13943071,42980,373335,1657,12391599,1178137,NA
"422","Brasil",NA,NA,76,NA,NA,NA,2021-04-19,16,210147125,13973695,30624,374682,1347,12460712,1138301,NA
"423","Brasil",NA,NA,76,NA,NA,NA,2021-04-20,16,210147125,14043076,69381,378003,3321,12561689,1103384,NA
"424","Brasil",NA,NA,76,NA,NA,NA,2021-04-21,16,210147125,14122795,79719,381475,3472,12646132,1095188,NA
"425","Brasil",NA,NA,76,NA,NA,NA,2021-04-22,16,210147125,14167973,45178,383502,2027,12673785,1110686,NA
"426","Brasil",NA,NA,76,NA,NA,NA,2021-04-23,16,210147125,14237078,69105,386416,2914,12711103,1139559,NA
"427","Brasil",NA,NA,76,NA,NA,NA,2021-04-24,16,210147125,14308215,71137,389492,3076,12766772,1151951,NA
"428","Brasil",NA,NA,76,NA,NA,NA,2021-04-25,17,210147125,14340787,32572,390797,1305,12809169,1140821,NA
"429","Brasil",NA,NA,76,NA,NA,NA,2021-04-26,17,210147125,14369423,28636,391936,1139,12879051,1098436,NA
"430","Brasil",NA,NA,76,NA,NA,NA,2021-04-27,17,210147125,14441563,72140,395022,3086,12992442,1054099,NA
"431","Brasil",NA,NA,76,NA,NA,NA,2021-04-28,17,210147125,14521289,79726,398185,3163,13091714,1031390,NA
"432","Brasil",NA,NA,76,NA,NA,NA,2021-04-29,17,210147125,14590678,69389,401186,3001,13152118,1037374,NA
"433","Brasil",NA,NA,76,NA,NA,NA,2021-04-30,17,210147125,14659011,68333,403781,2595,13194538,1060692,NA
"434","Brasil",NA,NA,76,NA,NA,NA,2021-05-01,17,210147125,14725975,66964,406437,2656,13242665,1076873,NA
"435","Brasil",NA,NA,76,NA,NA,NA,2021-05-02,18,210147125,14754910,28935,407639,1202,13278718,1068553,NA
"436","Brasil",NA,NA,76,NA,NA,NA,2021-05-03,18,210147125,14779529,24619,408622,983,13336476,1034431,NA
"437","Brasil",NA,NA,76,NA,NA,NA,2021-05-04,18,210147125,14856888,77359,411588,2966,13442996,1002304,NA
"438","Brasil",NA,NA,76,NA,NA,NA,2021-05-05,18,210147125,14930183,73295,414399,2811,13529572,986212,NA
"439","Brasil",NA,NA,76,NA,NA,NA,2021-05-06,18,210147125,15003563,73380,416949,2550,13591335,995279,NA
"440","Brasil",NA,NA,76,NA,NA,NA,2021-05-07,18,210147125,15082449,78886,419114,2165,13640478,1022857,NA
"441","Brasil",NA,NA,76,NA,NA,NA,2021-05-08,18,210147125,15145879,63430,421316,2202,13677668,1046895,NA
"442","Brasil",NA,NA,76,NA,NA,NA,2021-05-09,19,210147125,15184790,38911,422340,1024,13714135,1048315,NA
"443","Brasil",NA,NA,76,NA,NA,NA,2021-05-10,19,210147125,15209990,25200,423229,889,13759125,1027636,NA
"444","Brasil",NA,NA,76,NA,NA,NA,2021-05-11,19,210147125,15282705,72715,425540,2311,13847191,1009974,NA
"445","Brasil",NA,NA,76,NA,NA,NA,2021-05-12,19,210147125,15359397,76692,428034,2494,13924217,1007146,NA
"446","Brasil",NA,NA,76,NA,NA,NA,2021-05-13,19,210147125,15433989,74592,430417,2383,13979329,1024243,NA
